,song_name,tempo,total_beats,average_beats,chroma_stft_mean,chroma_stft_std,chroma_stft_var,chroma_cq_mean,chroma_cq_std,chroma_cq_var,chroma_cens_mean,chroma_cens_std,chroma_cens_var,melspectrogram_mean,melspectrogram_std,melspectrogram_var,mfcc_mean,mfcc_std,mfcc_var,mfcc_delta_mean,mfcc_delta_std,mfcc_delta_var,rmse_mean,rmse_std,rmse_var,cent_mean,cent_std,cent_var,spec_bw_mean,spec_bw_std,spec_bw_var,contrast_mean,contrast_std,contrast_var,rolloff_mean,rolloff_std,rolloff_var,poly_mean,poly_std,poly_var,tonnetz_mean,tonnetz_std,tonnetz_var,zcr_mean,zcr_std,zcr_var,harm_mean,harm_std,harm_var,perc_mean,perc_std,perc_var,frame_mean,frame_std,frame_var
1,Radio 001_sd 89_6.mp3,123.046875,16424,410.6,0.31847658939054235,0.33469836473119496,0.11202299535373603,0.38405820753068565,0.29734430891596264,0.08841363804471143,0.24355882275134963,0.15495945661143107,0.024012433193309986,2.275648819086731,22.51714662007618,507.0218919100081,-8.284798606745698,70.60680206677822,4985.320498097197,0.0002351905536331524,3.940036874494445,15.523890572375954,0.08661447465419769,0.05223405361175537,0.002728396328166127,1776.6931115689258,1108.1894934888983,1228083.9534791808,1826.8360268698998,651.6612583001935,424662.3955693915,20.290916177244448,6.222761441973275,38.722759963709315,3202.3986130617977,2032.284697043282,4130181.0898363045,0.7620363405448928,1.0955056779055392,1.200132690323275,0.020332271248943365,0.09121845767384582,0.0083208070203952,0.08433056091994381,0.08771492358923261,0.007693907820264914,-5.616670387098566e-05,0.0692707821726799,0.00479844119399786,-0.00016061805945355445,0.056254804134368896,0.00316460314206779,2.2372426303854875,1.4421307057458046,2.0797409724548928
2,Radio 002_sd 90_1.mp3,151.99908088235293,22445,431.63461538461536,0.3553222455055381,0.33604433629526564,0.11292579595612559,0.49130390165464144,0.3003025619347357,0.09018162870456578,0.2627348369786505,0.11959823899679826,0.014303738771135277,3.7228631468969007,33.59384020067343,1128.5460994283821,-2.5474123529827972,42.38864865617886,1796.7975348969735,0.006171592323311766,3.4902428620887775,12.181795236361662,0.11458054184913635,0.05566618964076042,0.003098724875599146,2727.345851608047,1042.9557524062952,1087756.7014773814,2819.1547558432007,361.9539219373031,131010.6416057953,18.699551269328854,7.197016979377359,51.797053401446014,5937.665188029661,1876.5929492808282,3521601.0972905173,1.09357624452491,1.339384562398516,1.7939510059914645,0.0042814846839346376,0.06603895554481877,0.004361143649450549,0.11734970868644068,0.09847930977099285,0.00969817445297117,-0.0015494817635044456,0.1003841757774353,0.010076982900500298,-0.0007673128275200725,0.05270259454846382,0.0027775634080171585,2.785233560090703,1.4881341771663847,2.214543329250673
3,Radio 003_sd 91_5.mp3,161.4990234375,22545,425.37735849056605,0.34384018268393224,0.31272703930086326,0.09779820110988366,0.48635967024868293,0.2815025640707664,0.07924369357841593,0.260182660599374,0.12505325448289734,0.015638316456764285,2.141829427196549,23.08191132613647,532.774630467627,-2.5398118349656307,41.232249012932094,1700.0983586644395,-0.0058280048797091175,3.318956197688899,11.015470242177555,0.09323309361934662,0.03790351748466492,0.0014366767136380076,2894.7518324750085,897.0964426379527,804782.0273936695,2739.1457526448994,468.8611370962378,219830.76587917714,20.96155649323791,6.703856607866083,44.94169341882974,5996.224523731136,1759.4107863799313,3095526.3152300483,1.0707764576851844,1.2595057663377534,1.5863547754380514,0.01070529498141101,0.06623647380979518,0.004387270462755683,0.13644235389379272,0.0764139939335838,0.0058390984688817815,0.0006879565771669149,0.07493428140878677,0.005615146830677986,0.0009091802057810128,0.04397454857826233,0.0019337608246132731,4.568526077097506,2.4219411714686903,5.8657990380551315
4,Radio 004_sd 92_7.mp3,83.35433467741936,12454,429.44827586206895,0.37372892253063855,0.322645261166119,0.10409996455295316,0.5107706500241219,0.2997292922495155,0.08983764863239548,0.2703810377487452,0.10113074586516682,0.010227427759244956,2.8188166880331402,24.925365052911296,621.2738230208917,-7.585004279033583,62.78555990184873,3942.0265321886345,-0.004986422805901973,5.411235459551585,29.28146919870845,0.09163682162761688,0.06470231711864471,0.004186389967799187,2495.6059591175,1501.0693376965949,2253209.1565728937,2308.6138052809356,595.3709758828077,354466.5989236467,19.77482698573803,7.595022705634868,57.684369899109186,4745.065263487208,2402.1035185867972,5770101.314007072,0.8873908982887,1.3943498809334136,1.9442115904590245,0.005278815509485149,0.06644915779236174,0.00441549057131419,0.13351477770439377,0.12544451857796804,0.01573632724125817,0.0008996670949272811,0.07057216018438339,0.004980430006980896,0.0006376429228112102,0.06971728801727295,0.00486050033941865,1.6044988662131519,1.0120784225787742,1.02430273344954
5,Radio 005_sd 93_2.mp3,172.265625,24008,421.1929824561403,0.4081347173720943,0.29691342252223146,0.08815758047386514,0.4433401252362675,0.29341690805769743,0.08609348193413928,0.24129372539906987,0.1584634702900691,0.025110671416371615,7.344923254697057,48.65386983642302,2367.199050059594,5.988330697516925,34.709318235941936,1204.7367724038913,-0.007710719109593507,2.3422817181101276,5.486283646992932,0.1761007308959961,0.032006632536649704,0.0010244244476780295,2174.243363707412,573.0004759360768,328329.54542297055,2750.3886282818216,342.4422240500523,117266.67681234622,21.13696751897566,6.14605802229785,37.77402921345176,5349.527781365807,1577.967679687438,2489981.998138157,1.7507231271730281,1.8416171641831331,3.391553779413925,0.013283680574390649,0.079753984009253,0.0063606979653481836,0.06777700078392246,0.03143916378725802,0.0009884210196420362,2.754703746177256e-05,0.15312273800373077,0.023446572944521904,0.0006105413194745779,0.052716370671987534,0.0027790155727416277,5.443918367346939,2.6281509028272785,6.907177168031839
6,Radio 006_sd 94_5.mp3,143.5546875,3,3.0,0.768601387407228,0.13971056975892898,0.019519043302364564,0.7627269451083323,0.14937449650542928,0.022312740206250504,0.2875575787216721,0.02537660838375928,0.0006439722530626817,1.193017431029377,1.240207117956223,1.538113695429281,1.2346929105680313,13.260689469859052,175.84588521603075,-0.014028872239157764,1.6399835753390268,2.6895461273817776,0.10088544338941574,0.0073425062000751495,5.3912393923383206e-05,3901.368990964976,88.1317500935017,7767.205374543436,2911.037058518744,34.36346258438676,1180.8475607885487,15.40902286615811,6.53732892429662,42.7366694644452,7566.353945974576,134.92537015248502,18204.855510785095,1.998882219241129,2.015630137013504,4.062764849237076,0.0009135312596051109,0.027601005907960836,0.000761815527131289,0.29271385063559324,0.01663711768168976,0.00027679368475439403,-0.03164650499820709,0.048641517758369446,0.0023659972939640284,-0.0010977608617395163,0.048973847180604935,0.0023984378203749657,0.06965986394557823,0.0,0.0
7,Radio 007_sd 94_7.mp3,129.19921875,18442,428.8837209302326,0.4125466375048343,0.32178326650900063,0.10354447060520251,0.5157600090960351,0.303128218915781,0.09188671710305366,0.26431468241066053,0.11606499039540315,0.013471081995485025,4.376687120152002,37.64743809554187,1417.3295951576576,-1.9132185235594432,49.09358435748067,2410.1800250650713,0.004392713968212153,4.753239607494409,22.59328676625361,0.12409937381744385,0.06291894614696503,0.003958793822675943,2772.6648512152465,1492.7546686689984,2228316.5008330913,2731.249393576612,513.040129689066,263210.1746713737,19.089598894654728,7.104675023252147,50.4764071860229,5594.157755761174,2532.5653329300912,6413887.165559303,1.1817190855853261,1.5550511774439078,2.4181841644696838,0.0019573274709707928,0.06093852438154285,0.0037135037537998922,0.1270573280377095,0.12055491850028555,0.01453348837461049,-0.0006666827830486,0.10192536562681198,0.010388779453933239,-0.0011915814829990268,0.07082639634609222,0.005016378592699766,1.512780045351474,0.8871200311230477,0.7869819496197572
8,Radio 008_sd 95_9.mp3,117.45383522727273,9567,318.9,0.34274371975348344,0.2826048161939863,0.07986548213603678,0.5340551336352388,0.2577658532735197,0.06644323511382567,0.2633227084305928,0.11829828637013456,0.013994484558110367,6.157926812658149,26.522404411272383,703.4379357550808,4.449524352697578,23.240581157016994,540.1246125158934,-0.00888207098187942,2.1497826713503034,4.621565534038046,0.16934768855571747,0.025708066299557686,0.0006609046831727028,2803.0238690858937,395.0513147604009,156065.54129392133,2787.2470121058955,200.10403471802712,40041.6247104334,20.00142281080165,6.148539028573927,37.80453218589681,6183.175700984589,786.8072565239345,619065.6589187204,2.2926554402873713,2.3768162591180584,5.649255529607962,0.011870580852901727,0.05954160809550662,0.0035452030945988997,0.12515105504423515,0.03205964182215209,0.0010278206337646831,-0.0005266012740321457,0.1307026743888855,0.017083190381526947,-0.001787613146007061,0.06522954255342484,0.004254892934113741,7.035646258503402,4.973394124774601,24.734649120342517
9,Radio 009_sd 96_4.mp3,103.359375,14902,425.77142857142854,0.46045879595581146,0.28607904870995365,0.08184122211079205,0.5601001945332021,0.2679747210853061,0.07181045114074762,0.2726444044292223,0.09485969674613126,0.008998362066767985,5.794883381976407,29.494327388340427,869.9153480906083,3.8596207380435508,23.342252031486307,544.8607299014266,0.001011440008845677,2.655626898467174,7.052354223862381,0.16095797717571259,0.039073649793863297,0.0015267501585185528,3109.660557699716,532.0311131224593,283057.105330323,3006.4726099030577,232.410949314225,54014.84936113927,18.999742460205425,6.042982700708128,36.5176399210577,7069.8858746027545,945.0954574248908,893205.4236451637,2.175469045991978,2.414902606692763,5.8317545998115,0.0042963689918808666,0.05635804406100111,0.0031762291303817423,0.13443679378531073,0.04674090045991433,0.00218471177580362,-0.0004307112831156701,0.11077471077442169,0.012271036393940449,-0.0015499527798965573,0.08461486548185349,0.007159675937145948,4.891283446712018,2.844830864584775,8.093062648094158
10,Radio 010_sd 98_0.mp3,95.703125,8205,328.2,0.3694499112244342,0.3028802804524227,0.09173646428693824,0.5135100017545772,0.26736593127098485,0.07148454120440098,0.26657315508199597,0.1107794490100192,0.012272086322963444,3.137264348566516,18.086281585249345,327.11358158092963,0.6364308662840191,42.23170910068285,1783.5172535646984,-0.01212542333548498,3.4476766517582185,11.88647429507876,0.11260711401700974,0.04922022297978401,0.0024226303212344646,2259.2137348984675,976.4926499091728,953537.8953266384,2208.242832977805,514.5690801699068,264781.338266904,20.235042611616276,6.842401567801038,46.818459215046104,4392.444220917681,1809.6756895822937,3274926.10146515,1.5027835023222995,1.8632946458914978,3.4718669374079223,0.01164279336198326,0.060255338388555825,0.0036307058043193695,0.11838138359994338,0.07313934229474339,0.005349363391307639,-0.00042527038021944463,0.08067522197961807,0.006508491933345795,-0.0013972517335787416,0.06991545110940933,0.0048881699331104755,3.8301315192743757,2.5026056814316298,6.263035196733871
11,Radio 011_sd 99_2.mp3,129.19921875,22335,465.3125,0.4119737712376662,0.3055902641772415,0.09338540955991625,0.502171134611553,0.27567037029168573,0.07599415305675512,0.2683615940002302,0.10637381350214424,0.011315388198988965,5.81067059080205,36.71895983293851,1348.2820112129514,0.9539498969961879,34.23265127687218,1171.8744134439387,-0.004275308125620733,3.795523905427383,14.406001716670733,0.1594301015138626,0.04531416669487953,0.0020533737260848284,3045.9596742490835,1336.2543207883746,1785575.6098256004,2692.804722476485,542.4381546712832,294239.151643187,19.964146264993158,7.1531615545033755,51.16772022482515,6027.29327430023,2094.8052127160604,4388208.879222379,1.7757882325390633,2.065041871961883,4.264397932955838,0.003137092883984387,0.06266227093458232,0.003926560198678999,0.1580763116692229,0.13195774446973849,0.0174128463255408,-0.000968349922914058,0.11622229963541031,0.013507622294127941,-0.0018425863236188889,0.08517986536026001,0.007255609147250652,1.791419501133787,1.1708309567405468,1.3708451292619843
12,Radio 012_sd 99_7.mp3,103.359375,12792,399.75,0.3577204714005481,0.294679916760472,0.08683625334195871,0.5439229103433055,0.2589644408188112,0.06706258160859958,0.2701395681733264,0.10177399982540752,0.010357947040462051,6.357910986701841,28.820192077609835,830.6034713903247,4.67171689264312,25.460294760969074,648.2266093154293,-0.018763332490004274,2.30047170396417,5.292170060739812,0.17070981860160828,0.027281874790787697,0.0007443006616085768,2869.6763820356537,470.0206142918912,220919.37785932675,2880.3003797384567,276.98057069616164,76718.2365431714,19.884280486853562,6.424823677168969,41.27835928271099,6404.661996522812,1035.5955869112179,1072458.2196299897,2.2041604513252997,2.300181095691387,5.29083307297603,-6.002655111997383e-05,0.05753755575784594,0.003310570322587231,0.1310962528604119,0.03811783413332147,0.001452969279015407,-0.0001257010007975623,0.12949170172214508,0.01676809974014759,-0.0010872108396142721,0.06980188190937042,0.004872302990406752,6.514358276643991,3.5422607801831822,12.547611434823967
13,Radio 013_sd 100_9.mp3,107.666015625,3,3.0,0.7754801642161584,0.1377434762611741,0.018973265252512635,0.7626380352081117,0.15092790063003764,0.02277923118859052,0.2875312797867968,0.02567287435212723,0.0006590964775001121,1.0971589985560477,1.0078926676847926,1.0158476295727676,0.4703846287755389,11.969312200312809,143.26443454855703,0.0009301618130492774,1.1414296258401593,1.3028615907456058,0.09335719794034958,0.004512995481491089,2.036712976405397e-05,3997.354999473148,68.35849596061799,4672.883969997826,2892.4036800008785,34.669841514123775,1201.9979106144604,14.637672808411619,6.842878434262834,46.82498526609938,7636.4813232421875,119.82995482826607,14359.218074144288,1.8724892096466006,1.8820982998327127,3.542294010233188,0.0007535979516681853,0.0270902421098034,0.0007338812175677654,0.3111333673650568,0.013759750728141434,0.0001893307401005887,0.0005314640584401786,0.04725852608680725,0.002233368344604969,0.0006211920990608633,0.04762376472353935,0.0022680230904370546,0.06965986394557823,0.0,0.0
14,Radio 014_sd 101_5.mp3,117.45383522727273,17309,432.725,0.43154440569634456,0.32050762883552875,0.10272514014177306,0.49433755353142056,0.2763472926841176,0.07636782617384137,0.2712792615057021,0.09869597565379361,0.009740895610254222,2.9080789547999712,20.872365408300823,435.65563773763273,-1.2231465786595281,62.95640937990463,3963.509482010143,0.0028605965296143853,5.113418516399614,26.147048923858428,0.09642113000154495,0.05818808451294899,0.00338585302233696,1819.5601574950795,1113.9207932855832,1240819.5337139827,2057.3304332071702,574.2011106174025,329706.9154342585,19.172922484928215,7.390419896811787,54.61830625119154,3614.434855416317,2102.4084545999854,4420121.309973498,1.070207638978533,1.547028160124634,2.3932961282186103,0.008835144492548614,0.06661240949270923,0.0044372130984243795,0.07969962510486577,0.08355502451066553,0.006981442120977917,-0.00045570218935608864,0.05567750707268715,0.003099984722211957,-0.0011172365630045533,0.076253242790699,0.005814557429403067,2.1176598639455784,1.3103257214173336,1.7169534962078559
15,Radio 015_sd 101_9.mp3,95.703125,12362,412.06666666666666,0.3771065845688165,0.31243050745950085,0.09761282199140123,0.5057494928074506,0.2861504373004094,0.08188207276721554,0.2741048905200986,0.0905529807698128,0.008199842326298088,1.7923733098557917,12.840455780141395,164.87730464176659,-8.703213269025305,61.5139820483215,3783.96998744122,0.0018811135886777977,4.962405563343846,24.62546897510595,0.07889450341463089,0.04127774015069008,0.0017038517398759723,2002.3775197605194,1222.0192483822998,1493331.0434168412,1937.5772372587232,616.4888657620437,380058.5216085712,19.6761469237109,6.92975676466159,48.02152881737307,3808.006327861064,2179.002366289162,4748051.312293768,0.890446617127961,1.211704634752249,1.4682281218800814,0.002143227656376277,0.06543076954754154,0.0042811856035834895,0.11029272680884009,0.0967041091795316,0.009351684732206766,0.001383958850055933,0.048197075724601746,0.0023229580838233232,0.00042093070806004107,0.0582377165555954,0.0033916314132511616,1.77168253968254,1.0249736168737977,1.0505709152873546
16,Radio 016_sd 102_7.mp3,117.45383522727273,16751,429.5128205128205,0.2850519371446486,0.2949679221442267,0.08700607509408258,0.46205015177442993,0.26444007401113456,0.06992855274301432,0.24603666643343253,0.15099434460819117,0.022799292103657186,2.4964611227657616,15.36112502604646,235.9641620658309,-4.295662586988832,71.98545456574644,5181.905669037145,-0.003906007380956114,2.4726835172776647,6.114163776616643,0.09370341151952744,0.0444866307079792,0.001979060471057892,869.6498569145326,178.47867152089523,31854.636187863623,1033.4603659412937,159.4218000403403,25415.310328102245,22.83612712026156,6.598491123353101,43.54008510496968,1466.2894762976696,298.1619124957944,88900.52606314977,1.0149993231130356,1.2694244285467207,1.6114383797911684,0.026348381609922564,0.07618045945940374,0.005803462403445856,0.05619427524717514,0.020574996943108822,0.00042333049920893735,0.00044128971057944,0.08864616602659225,0.00785814318805933,0.00089139339979738,0.026555674150586128,0.0007052038563415408,6.840598639455782,4.2166465870309295,17.780108439919584
17,Radio 017_sd 103_2.mp3,129.19921875,15783,394.575,0.3072208267082218,0.32610214972040574,0.10634261205226994,0.4575742254050419,0.29112009090112473,0.08475090732627912,0.26380248704199133,0.11722449046079632,0.013741581163793327,1.9224126896247389,17.467881923142162,305.12689888083673,-6.188759382073101,64.9036953511643,4212.489670236747,0.004382126267371502,4.621886933453412,21.361838825627384,0.08191747218370438,0.04606322944164276,0.0021218210458755493,1937.0493087581522,958.4796617876603,918683.2620605878,2015.1911180415848,649.9828009248082,422477.64149805886,21.32581995199261,7.230145334542308,52.275001558603904,3850.2004844995727,1994.8050957982937,3979247.37022284,0.858031168814704,1.2004895957657367,1.4411752695417819,0.006170032185577793,0.06699491250661614,0.004488318301769151,0.08489308976366743,0.06351339973673605,0.004033951946118423,0.0005936102825216949,0.05651224032044411,0.003193633398041129,0.0004827224765904248,0.058429304510354996,0.0034139836207032204,2.224471655328798,1.2006670104252637,1.44160126992354
18,Radio 018_sd 105_1.mp3,123.046875,17351,423.1951219512195,0.3661417687047579,0.32547524047301674,0.10593413216096806,0.5006667173512295,0.26908251192215926,0.07240539822233899,0.2715336088532664,0.09799404367845348,0.009602832596454648,2.5123292440263696,18.750776701153875,351.591626896535,-6.63079493808836,79.14047274592262,6263.214426448122,-0.006126469585710716,5.626905236705271,31.6620625428612,0.09164845198392868,0.0606205090880394,0.0036748461425304413,1367.7236679823343,446.2548050365869,199143.3510182422,1375.258249504369,595.5178094333121,354641.46135225066,19.75180599686287,6.672196597496304,44.51820743564125,2326.8633309057204,1149.7773661037934,1321987.9916045764,0.973049463033203,1.4580630219793027,2.1259477760634167,-0.001680050701401033,0.06313939486410895,0.003986583183805868,0.07646705067090395,0.03976194091199458,0.001581011945088948,0.0007991738384589553,0.04050884395837784,0.0016409663949161768,0.0006138373864814639,0.08949477970600128,0.008009315468370914,2.4044263038548754,1.360548172813601,1.8510913305464285
19,Radio 019_sd 106_3.mp3,103.359375,14582,416.62857142857143,0.42296997119208507,0.31773228610145,0.10095380563125368,0.3985098682223193,0.302369910524856,0.09142756279080942,0.21932120567349866,0.18770067148323208,0.03523154207525621,3.545398173604415,28.64368415148641,820.4606417701139,2.051649958673157,60.829994783104105,3700.288265312473,0.0038844392629765545,2.974038900390277,8.84490738103461,0.11449462175369263,0.046615783125162125,0.0021730312146246433,1569.9413319680018,871.9628154982314,760319.1516116027,2212.37429207766,689.9308323001198,476004.5533583361,21.382051311987187,7.550735321925062,57.01360390176677,3719.927750926907,2342.074271246855,5485311.892036486,0.955023645667148,1.2095002507357528,1.4628908565298488,-0.024369750498670125,0.09339953801559588,0.008723473701526738,0.043857587394067796,0.0358870173364027,0.0012878780133032677,-8.847657591104507e-05,0.10989256203174591,0.012076376006007195,-0.0008480635588057339,0.03779531270265579,0.0014284856151789427,4.840199546485261,2.7119821057374396,7.354846941840077
20,Radio 020_sd 106_8.mp3,123.046875,17049,415.8292682926829,0.30700789488491953,0.3060620677465521,0.09367398931329506,0.5046426032891371,0.2535985142457052,0.06431220642762914,0.2651167870281972,0.11422093752538931,0.013046422569178888,2.9697191832834746,14.437538061254457,208.4425052701711,-0.42106765550829317,27.850031529526774,775.6242561956353,0.0005635827696590139,1.9120455539973031,3.6559182005608535,0.12026694416999817,0.01315140537917614,0.000172959451447241,2615.8249874070884,376.087955398707,141442.1501959798,2381.115036467131,135.98151577131128,18490.972631463377,19.970407002385354,6.609523454493259,43.685800295496506,5259.123526823805,600.2777833480161,360333.4171812078,1.730367089465458,1.786767270156722,3.192537277703305,-0.00372506606770049,0.0622288425723627,0.0038724288478959004,0.1251499840017065,0.03885365512750534,0.0015096065167671223,4.347317371866666e-05,0.09515146911144257,0.009053802117705345,0.0006741408724337816,0.04515808820724487,0.002039252780377865,8.153106575963719,5.926326969939394,35.121351354631045
21,Radio 021_sd 107_8.mp3,172.265625,25740,436.271186440678,0.4727828062992033,0.2854113958052909,0.08145966485552442,0.4009248362526382,0.2893899496603744,0.08374654296443403,0.2343770167688158,0.16852521278397356,0.028400747343883568,11.736091553224082,95.86597414947575,9190.284999627951,6.667669452224045,34.05940435362078,1160.0430249234419,0.0006287111389711116,2.9371805129985598,8.627029365938482,0.21857723593711853,0.053212590515613556,0.002831579651683569,2485.033104538963,810.2049692295795,656432.0921643039,2962.0730145421194,502.4159802343158,252421.8171948084,19.7210314697771,6.033971374384198,36.40881054688792,6192.340936175848,1982.2343639651706,3929253.0736844046,1.8322517205453286,1.975763948043289,3.903643178387604,-0.017469266589349382,0.0861655797641119,0.00742450713608553,0.06344787252824859,0.03646660691184981,0.0013298134196633724,2.7280881113256328e-05,0.20190218091011047,0.04076449200510979,0.000544242444448173,0.05803004652261734,0.003367486409842968,2.093278911564626,1.3000121442658574,1.6900315752387123
22,Radio 022_sd 107_8.mp3,172.265625,222346,1277.8505747126437,0.44815152287348403,0.2867379351078831,0.08221864342993258,0.3999479628661583,0.2843703678781638,0.0808665061271622,0.23372270707677523,0.1694314891926446,0.028707029530037252,10.639436290558915,88.31674154842207,7799.846837730781,6.422673607467089,31.476731152802067,990.7846040657802,0.0041471988668886055,2.509402014828206,6.297098472023859,0.20764724910259247,0.054416194558143616,0.0029611221980303526,2567.060530980555,698.0050921269076,487211.1086350927,3005.438842400388,364.215755056139,132653.11623111344,20.0159530010022,5.8784666843456845,34.55637055896214,6408.523748533645,1673.8895675203178,2801906.2842533565,1.8447784482800955,1.9504818906681245,3.8043796058243013,-0.013453318325741202,0.08920908352420075,0.007958260583227825,0.07191604283571981,0.04612961432224602,0.002127941317519165,1.6723286535125226e-05,0.19346217811107635,0.037427615374326706,0.00040934959542937577,0.05249973386526108,0.002756221918389201,2.36843537414966,1.1908464158581258,1.4181151861621442
23,Radio 023_sd 106_8.mp3,117.45383522727273,135273,1218.6756756756756,0.36975897319357426,0.31605687872018645,0.09989195058634665,0.5041051633116292,0.2888133360175409,0.08341314306158099,0.26957907164804884,0.10324949134358712,0.010660457462709471,2.0747762730729087,15.997516733243286,255.92054163039893,-3.9834020123255116,45.03958041077648,2028.5638035788002,0.0036794456953491697,4.097219312672942,16.787206096140135,0.09164117276668549,0.03971041738986969,0.0015769171295687556,2730.0846511388663,937.3730865532883,878668.3033944385,2545.1832280275216,398.85163247981984,159082.62473181728,20.304185469682285,6.825895899157381,46.59285482613355,5511.270840765891,1590.1313866902447,2528517.8269374403,1.0934720778948013,1.3809449241819431,1.9070088836238726,0.003997002347680593,0.06921130651336514,0.00479020494928698,0.13020253845781735,0.08795192541551809,0.0077355411842968584,0.00028793292585760355,0.07112192362546921,0.005058327689766884,0.0005496408557519317,0.05019468441605568,0.002519506262615323,6.507392290249433,2.482959977081326,6.165090247787701
24,Radio 024_sd 103_2.mp3,161.4990234375,206750,1284.1614906832299,0.4043403254391956,0.31202136635922273,0.09735733306467628,0.5430100888131613,0.27366874595586943,0.07489458251305821,0.2743555926777786,0.08979054571478104,0.008062342099758184,3.1923373088764833,27.53130084170228,757.9725260363166,-1.8765411499888094,42.962975845422164,1845.8172934943286,5.4246656644554664e-06,3.7006279824351416,13.694647464381987,0.11301053315401077,0.04643729701638222,0.002156422706320882,2675.274370883791,905.685190276417,820265.6638860295,2548.9533279702678,456.70392153414537,208578.4719446668,19.775869379370388,6.729718985564862,45.28911762467216,5443.258752025687,1730.8186043253195,2995733.0410786467,1.3118412367440124,1.544569865162309,2.3856960683675132,0.0026965666919091303,0.05718413102139212,0.0032700248406717413,0.1203146541819853,0.07466330888405846,0.005574609693516323,0.00035201257560402155,0.08051265776157379,0.006482288241386414,0.0007318872376345098,0.06601674109697342,0.004358209669589996,3.2078367346938776,1.9140522138530152,3.663595877355628
25,Radio 025_sd 88_1.mp3,129.19921875,160645,1274.9603174603174,0.4869650196600878,0.2836441469716185,0.0804540021112571,0.43590970476258445,0.2892038157180112,0.08363884702585736,0.2358813524785019,0.16641310310863772,0.02769332088624609,8.440529194749567,57.60282550025575,3318.085505612914,6.673803636809798,19.473845879736167,379.23067334771724,0.003303604601984252,2.6493099487821876,7.018843204716278,0.19870366156101227,0.03370792791247368,0.0011362243676558137,3307.445273770077,626.2292822324124,392163.11392532237,2929.314635720414,343.4635623837481,117967.21868533482,18.6375374182848,6.7986789536529235,46.222035514843206,6997.178522352095,1192.6113724526392,1422321.8857033676,2.5355524043895903,2.7415145160060934,7.5159018414721235,0.025075552739654262,0.06774180734457279,0.004588952462309216,0.14343998675744968,0.06301615260336384,0.003971035488930438,-0.0005896716029383242,0.15066732466220856,0.022700641304254532,-0.002360822632908821,0.09096867591142654,0.00827530026435852,4.37231746031746,2.7278071009946117,7.440931580236628
26,Radio 026_sd 91_5.mp3,95.703125,114606,1245.7173913043478,0.4685071801031596,0.2767833713828012,0.07660903467402966,0.5794464245816997,0.2540584048896925,0.06454567309509493,0.27128803738151874,0.09867185063135811,0.009736134107017047,6.220161689183683,51.8671130404824,2690.1974151541795,4.495197144291844,35.275252864592524,1244.3434646609433,0.004835423069272977,2.1953783563602487,4.819686127575028,0.1573520004749298,0.045769624412059784,0.0020948585588485003,2357.2181337744505,713.259303396217,508738.83388125675,2867.595632862024,353.056986716743,124649.23586950645,19.986174423725632,6.411307017322193,41.1048576703648,5887.256067234665,1607.2444842755565,2583234.8322341996,1.559886406029441,1.6144589118026373,2.6064775778989557,-0.006292386475261545,0.05486899895197165,0.0030106070459914656,0.07604564749419504,0.04223344367348668,0.0017836637645215717,7.828944944776595e-05,0.13617795705795288,0.018544435501098633,0.0012562413467094302,0.046463195234537125,0.0021588285453617573,2.575092970521542,1.536731263275965,2.3615429755297432
27,Radio 027_sd 94_7.mp3,151.99908088235293,187766,1277.3197278911564,0.39906694525441794,0.29804564914375653,0.0888312089735232,0.4716472012842382,0.28663034865817283,0.08215695677190571,0.2504228236296296,0.143602725387427,0.02062174273869677,6.705409248780745,57.761161390245384,3336.351765149974,0.14018369458105143,28.628903146629106,819.6140953790699,-0.002259563295322924,2.557860307125438,6.5426493507678405,0.16304169595241547,0.06409185379743576,0.0041077653877437115,2842.5913418866107,811.5984140895508,658691.9857526739,2791.9387896712474,432.54732591738986,187097.1891582847,20.07406748459927,6.528563698195552,42.62214396139678,6302.020225879209,1692.2985736600103,2863874.4624117054,1.8708781684302782,2.0848559090119636,4.346624161342102,-0.0026920284707065553,0.08291920912760564,0.006875595242347599,0.11908488081704721,0.06689120108257944,0.004474432782270076,-0.0005921651609241962,0.14842067658901215,0.022028697654604912,-0.0008333658915944397,0.06057589873671532,0.0036694395821541548,3.2844625850340137,1.9182756969471033,3.6797816494978948
28,Radio 028_sd 95_9.mp3,117.45383522727273,150594,1287.128205128205,0.4581736578859855,0.2828006653321973,0.07997621631233345,0.5036299815557309,0.2630724082728796,0.06920709199449265,0.25876782943371884,0.12795524132873617,0.016372543783495116,6.337737577533178,37.85355535365165,1432.8916529119695,4.649276362530415,27.20262182574156,739.982634194311,0.0025927377074431938,2.1772915642063397,4.740598555564089,0.16476084291934967,0.03807385638356209,0.0014496184885501862,2549.407085460937,639.2460297970678,408635.4866113137,2760.8485463028946,332.0246967583257,110240.39925745815,18.901814262413627,6.285857431144268,39.512003644671616,5829.889747454286,1390.4925566372922,1933469.5500637135,2.1153256860645704,2.24839220391771,5.055267502637939,-0.006227542985194017,0.06991323644510936,0.004887860630229767,0.09844932910458591,0.04550734816226462,0.0020709187367615694,-0.00019374290423002094,0.12713322043418884,0.016162855550646782,-0.001537152100354433,0.06824903935194016,0.004657931160181761,4.1888798185941045,2.162217939411109,4.675186417511222
29,Radio 029_sd 96_4.mp3,123.046875,135433,1177.6782608695653,0.4188016971509873,0.30555500985769923,0.09336386404913867,0.46616733515816616,0.27484094132059783,0.0755375430259923,0.25454830349221513,0.13615614023087047,0.018538494522568467,4.3590135191711825,30.529859132578267,932.0722986550727,1.631753336454927,31.554415645708897,995.6811467421584,0.001945489179930605,3.1195850416981106,9.731810832386603,0.13522124290466309,0.04566003009676933,0.0020848382264375687,2750.518972860394,734.2238792900856,539084.7049197822,2715.406305873234,345.79265465925437,119572.56001629436,19.644866045860063,6.840436307755396,46.79156888045827,5994.69291757873,1401.8823624389083,1965274.158117295,1.6693758144692863,1.9593691879699517,3.8391276147660283,0.015895805136618573,0.0721524203820632,0.005205971766989969,0.11457678260448917,0.0693851724552744,0.004814302156648169,-0.0003347449528519064,0.10573645681142807,0.011180197820067406,-0.0010645284783095121,0.06839621812105179,0.004678043071180582,2.144362811791383,1.4232009145902782,2.0255008432906045
30,Radio 030_sd 98_0.mp3,117.45383522727273,151627,1284.9745762711864,0.3429987098725671,0.29464993210665236,0.08681858249045483,0.42522839713503835,0.27267676491729803,0.07435261812576341,0.2349392348341344,0.16774054151839624,0.02813688926888481,3.25356154476239,26.118636140598635,682.1831538449852,0.7486384068202263,43.367227786847494,1880.7164459163175,0.004071619633037937,3.043001144786796,9.259855967173753,0.11513212323188782,0.03534361347556114,0.0012491709785535932,2172.7776607069613,1009.8051288771873,1019706.3983066728,2327.987332528136,578.5819675830405,334757.09321226255,20.97775337346302,6.55321058262848,42.944568940273896,4535.768406162321,2130.928655322417,4540856.934074204,1.3752822264477678,1.5020854505617804,2.256260700789387,-0.0012465743258711602,0.08689321279454691,0.007550430429758411,0.09524961300309598,0.06285228217153269,0.003950409374169965,-0.00016817332652863115,0.10204744338989258,0.010413680225610733,-0.0010349031072109938,0.040859345346689224,0.0016694861697033048,2.068897959183674,1.1731915117971676,1.3763783233529239
31,Radio 031_sd 99_2.mp3,123.046875,156525,1272.560975609756,0.5003549967772201,0.27430182684230525,0.07524149220902603,0.5012565265118535,0.27671760296691583,0.07657263179175566,0.25793664572772074,0.1296226065316757,0.01680202012406562,7.476387788536926,54.28948155872722,2947.3478079153824,5.809358435002742,25.13078845315003,631.5565282769788,0.002798075911747693,2.5472207371130566,6.488333483578784,0.1795734465122223,0.03819030150771141,0.0014584989985451102,2998.901937144962,599.6736794143122,359608.52178229927,3041.5387927676234,215.1040708708364,46269.761305205815,19.31617241996256,6.249495791530252,39.05619764835433,6957.507928901413,854.9470207609908,730934.4083080939,1.9585075221597754,2.163831634583059,4.682167342822393,-0.0033138436797098985,0.059205337800918925,0.003505272024120919,0.10088733401460913,0.0547411093376331,0.0029965890515147014,-0.0003184221568517387,0.14756466448307037,0.02177533134818077,-0.001692797988653183,0.06959354877471924,0.004843261558562517,2.681904761904762,1.6893933284871852,2.8540498183370104
32,Radio 032_sd 100_9.mp3,143.5546875,3,3.0,0.7724395147742179,0.13954332979754602,0.0194723408909867,0.7608287708593692,0.1522752802629339,0.023187760979155068,0.2875415134196148,0.025558000580851854,0.0006532113936908238,1.078695132604814,0.9955683513359972,0.9911563421818755,0.21023084302476103,15.664045753421988,245.36232936529743,-0.023127750671909295,2.279468724875996,5.1959776676878,0.09258848428726196,0.007354495581239462,5.408860670286231e-05,4004.031547636415,76.2079053613518,5807.644839564754,2896.23264872646,31.704462101013597,1005.1729171146075,14.540535636376305,6.842168756141285,46.81527328751598,7658.8850691511825,113.76387863753082,12942.220082654841,1.8556677555225414,1.8758385448115475,3.5187702462007047,-0.000334790906980668,0.028300194626818403,0.0008009010159158013,0.31028623838682434,0.021787123912109293,0.0004746787683616045,-0.0033360165543854237,0.04663465917110443,0.0021747914142906666,-0.001816833158954978,0.047602977603673935,0.0022660433314740658,0.06965986394557823,0.0,0.0
33,Radio 033_sd 101_5.mp3,123.046875,153851,1250.821138211382,0.33959760808628353,0.32140098278640467,0.10329859173606677,0.4660909225451987,0.30086862085488725,0.0905219270151219,0.2663255912922346,0.11137330360627257,0.012404012756174965,2.48012224671816,22.480206458427865,505.35968241354186,-9.946698239007292,52.99323490044048,2808.282945213263,-0.0023578221106096064,4.706701930756809,22.153043064989877,0.09469163417816162,0.056306470185518265,0.0031704185530543327,2604.3576534075855,1087.568777069324,1182805.8448560645,2174.066438049313,429.3945105148278,184379.64566026858,20.268415375316348,7.420764221903027,55.06774163707603,4746.162967268528,1683.2097833688545,2833195.174828626,1.0689121164168254,1.4703682138205694,2.161982684213892,0.0038793163638641158,0.0760492520295469,0.005783488734253543,0.15428610409007354,0.1073579012003349,0.011525718950140868,-0.0009740469395183027,0.07212753593921661,0.005202381871640682,-0.0002518617548048496,0.06486653536558151,0.004207667429000139,2.6784217687074827,1.2741023132722917,1.623336704685805
34,Radio 034_sd 101_9.mp3,161.4990234375,209859,1287.478527607362,0.2901072962463117,0.295246385642713,0.08717042823508561,0.49176736053732895,0.2713884794372055,0.07365170677123853,0.252727277129705,0.1395071923878429,0.01946225672793861,2.904470708220709,14.302423554730666,204.55931953891456,0.7815410883495334,41.443137733406445,1717.5336651900973,0.006233274682098901,1.9068496717160384,3.6360756705235633,0.11083358526229858,0.020134607329964638,0.0004054024175275117,1926.1211491761132,578.9333675109207,335163.84401753475,2330.839308353326,369.3958255192669,136453.2759110607,21.139900981609927,5.96520053732418,35.58361745049269,4375.098544377661,1317.7483948329784,1736460.832084891,1.2690896757443844,1.3233584317652758,1.75127753892425,0.0005114763097110321,0.06680511372005205,0.004462923219149087,0.0724287003555534,0.03423419609860411,0.0011719801825176809,0.00015794082719366997,0.09176142513751984,0.008420159108936787,0.0009757966035977006,0.0378849171102047,0.0014352668076753616,7.423419501133788,4.705952754716189,22.145991329620887
35,Radio 035_sd 102_7.mp3,117.45383522727273,136350,1250.9174311926606,0.24335457176911268,0.2942188902306329,0.08656475536854523,0.40467931572993576,0.28462126712606245,0.08100926570044541,0.23174391327908464,0.1721281266714694,0.029628091991429413,2.1005262609874333,18.75238260437169,351.651853340742,-12.891757440021273,86.10882902402949,7414.730435889543,0.0016537469841365288,2.504447805492388,6.2722588104356385,0.08690149337053299,0.03729689121246338,0.0013910579727962613,637.1876173575602,296.2792658561282,87781.40337624626,999.4492562559499,329.15290844226564,108341.63713600251,25.073999002163546,6.280446448484894,39.444007592286525,919.3402742084704,732.5740402231734,536664.7244089036,0.6165530192914875,0.7439427146138782,0.5534507626270662,0.029073989789774855,0.09460411872065815,0.008949939278912382,0.03456762922068499,0.018705819208323198,0.0003499076722544731,0.0006576998275704682,0.08771349489688873,0.007693656720221043,0.00032799196196720004,0.018597247079014778,0.0003458575811237097,2.5054331065759636,1.5674226168006733,2.45681365965827
